date,amount,category,description,currency,payment_method,hour,day_of_week,day_of_month,month,quarter,year,is_weekend,is_month_start,is_month_end,is_quarter_start,is_quarter_end,day_of_week_sin,day_of_week_cos,month_sin,month_cos,log_amount,amount_zscore,rolling_mean_7d,rolling_std_7d,description_length,word_count,has_numbers,has_uppercase,positive_word_count,negative_word_count,sentiment_score,tfidf_0,tfidf_1,tfidf_2,tfidf_3,tfidf_4,tfidf_5,tfidf_6,tfidf_7,tfidf_8,tfidf_9,tfidf_10,tfidf_11,tfidf_12,tfidf_13,tfidf_14,tfidf_15,tfidf_16,tfidf_17,tfidf_18,tfidf_19,tfidf_20,tfidf_21,tfidf_22,tfidf_23,tfidf_24,tfidf_25,tfidf_26,tfidf_27,tfidf_28,tfidf_29,tfidf_30,tfidf_31,tfidf_32,tfidf_33,category_encoded,category_oh_Education,category_oh_Entertainment,category_oh_Food,category_oh_Health,category_oh_Shopping,category_oh_Transport,category_oh_Travel,currency_encoded,payment_method_encoded,payment_method_oh_Cash,payment_method_oh_Credit Card,payment_method_oh_Debit Card,amount_month_interaction,amount_weekend_interaction,category_amount_interaction
2026-01-01,25.5,Food,Groceries at Walmart,USD,Credit Card,0,3,1,1,1,2026,0,1,0,1,0,0.43388373911755823,-0.900968867902419,0.49999999999999994,0.8660254037844387,3.2771447329921766,-0.31185001518261857,25.5,0.0,20,3,0,1,0,0,0,0.0,0.0,0.0,0.0,0.0,0.0,0.0,0.0,0.0,1.0,0.0,0.0,0.0,0.0,0.0,0.0,0.0,0.0,0.0,0.0,0.0,0.0,0.0,0.0,0.0,0.0,0.0,0.0,0.0,0.0,0.0,0.0,0.0,0.0,3,0.0,0.0,1.0,0.0,0.0,0.0,0.0,0,2,0.0,1.0,0.0,25.5,-0.0,76.5
2026-01-02,15.0,Transport,Gas station fill-up,USD,Debit Card,0,4,2,1,1,2026,0,0,0,0,0,-0.433883739117558,-0.9009688679024191,0.49999999999999994,0.8660254037844387,2.772588722239781,-0.6042950147792031,20.25,7.424621202458749,19,3,0,1,0,0,0,0.0,0.0,0.0,0.0,0.0,0.0,0.0,0.5773502691896257,0.5773502691896257,0.0,0.0,0.0,0.0,0.0,0.0,0.0,0.0,0.0,0.0,0.0,0.0,0.0,0.0,0.0,0.0,0.0,0.5773502691896257,0.0,0.0,0.0,0.0,0.0,0.0,0.0,6,0.0,0.0,0.0,0.0,0.0,1.0,0.0,0,3,0.0,0.0,1.0,15.0,-0.0,90.0
2026-01-02,12.75,Food,Coffee and pastry,USD,Cash,0,4,2,1,1,2026,0,0,0,0,0,-0.433883739117558,-0.9009688679024191,0.49999999999999994,0.8660254037844387,2.6210388241125804,-0.6669618004070427,17.75,6.8053287944081,17,3,0,1,0,0,0,0.0,0.0,1.0,0.0,0.0,0.0,0.0,0.0,0.0,0.0,0.0,0.0,0.0,0.0,0.0,0.0,0.0,0.0,0.0,0.0,0.0,0.0,0.0,0.0,0.0,0.0,0.0,0.0,0.0,0.0,0.0,0.0,0.0,0.0,3,0.0,0.0,1.0,0.0,0.0,0.0,0.0,0,1,1.0,0.0,0.0,12.75,-0.0,38.25
2026-01-03,45.0,Shopping,New shirt and jeans,USD,Credit Card,0,5,3,1,1,2026,1,0,0,0,0,-0.9749279121818236,-0.2225209339563146,0.49999999999999994,0.8660254037844387,3.828641396489095,0.23126212692532414,24.5625,14.714469919096643,19,4,0,1,0,0,0,0.0,0.0,0.0,0.0,0.0,0.0,0.0,0.0,0.0,0.0,0.0,0.0,0.0,0.0,0.0,0.0,0.0,0.0,0.0,0.0,0.0,0.0,0.0,0.0,0.0,0.0,0.0,0.0,0.0,0.0,0.0,0.0,0.0,0.0,5,0.0,0.0,0.0,0.0,1.0,0.0,0.0,0,2,0.0,1.0,0.0,45.0,0.23126212692532414,225.0
2026-01-03,28.5,Entertainment,Movie tickets and popcorn,USD,Credit Card,0,5,3,1,1,2026,1,0,0,0,0,-0.9749279121818236,-0.2225209339563146,0.49999999999999994,0.8660254037844387,3.3843902633457743,-0.22829430101216586,25.35,12.864194494798344,25,4,0,1,0,0,0,0.0,0.0,0.0,0.0,0.0,0.0,0.0,0.0,0.0,0.0,0.0,0.0,0.0,0.0,0.0,0.0,0.0,0.0,0.7327871873645888,0.0,0.0,0.0,0.0,0.0,0.0,0.0,0.0,0.0,0.0,0.6804578885091236,0.0,0.0,0.0,0.0,2,0.0,1.0,0.0,0.0,0.0,0.0,0.0,0,2,0.0,1.0,0.0,28.5,-0.22829430101216586,57.0
2026-01-04,120.0,Bills,Electricity bill,USD,Bank Transfer,0,6,4,1,1,2026,1,0,0,0,0,-0.7818314824680299,0.6234898018587334,0.49999999999999994,0.8660254037844387,4.795790545596741,2.320154981186642,41.125,40.31741249137896,16,2,0,1,0,0,0,0.0,0.0,0.0,0.0,0.0,0.0,0.0,0.0,0.0,0.0,0.0,0.0,0.0,0.0,0.0,0.0,0.0,0.0,0.0,0.0,0.0,0.0,0.0,0.0,0.0,0.0,0.0,0.0,0.0,0.0,0.0,0.0,0.0,0.0,0,0.0,0.0,0.0,0.0,0.0,0.0,0.0,0,0,0.0,0.0,0.0,120.0,2.320154981186642,0.0
2026-01-04,8.25,Food,Lunch special,USD,Cash,0,6,4,1,1,2026,1,0,0,0,0,-0.7818314824680299,0.6234898018587334,0.49999999999999994,0.8660254037844387,2.224623551524334,-0.7922953716627218,36.42857142857143,38.845504428256746,13,2,0,1,0,0,0,0.0,0.0,0.0,0.0,0.0,0.0,0.0,0.0,0.0,0.0,0.0,0.0,0.4991779343719709,0.6127076749299507,0.0,0.0,0.0,0.0,0.0,0.0,0.0,0.0,0.0,0.0,0.0,0.6127076749299507,0.0,0.0,0.0,0.0,0.0,0.0,0.0,0.0,3,0.0,0.0,1.0,0.0,0.0,0.0,0.0,0,1,1.0,0.0,0.0,8.25,-0.7922953716627218,24.75
2026-01-05,35.0,Health,Pharmacy prescription,USD,Debit Card,0,0,5,1,1,2026,0,0,0,0,0,0.0,1.0,0.49999999999999994,0.8660254037844387,3.58351893845611,-0.04725692030951828,37.785714285714285,38.564996156766675,21,2,0,1,0,0,0,0.0,0.0,0.0,0.0,0.0,0.0,0.0,0.0,0.0,0.0,0.0,0.0,0.0,0.0,0.0,0.0,0.0,0.0,0.0,0.0,0.0,0.0,0.0,0.0,0.0,0.0,0.0,0.0,0.0,0.0,0.0,0.0,0.0,0.0,4,0.0,0.0,0.0,1.0,0.0,0.0,0.0,0,3,0.0,0.0,1.0,35.0,-0.0,140.0
2026-01-05,22.0,Food,Dinner at Italian restaurant,USD,Credit Card,0,0,5,1,1,2026,0,0,0,0,0,0.0,1.0,0.49999999999999994,0.8660254037844387,3.1354942159291497,-0.40933168171481343,38.785714285714285,37.96172100820459,28,4,0,1,0,0,0,0.0,0.0,0.0,0.0,0.6577353946962805,0.0,0.0,0.0,0.0,0.0,0.0,0.0,0.0,0.0,0.0,0.0,0.0,0.0,0.0,0.0,0.0,0.7532490627698969,0.0,0.0,0.0,0.0,0.0,0.0,0.0,0.0,0.0,0.0,0.0,0.0,3,0.0,0.0,1.0,0.0,0.0,0.0,0.0,0,2,0.0,1.0,0.0,22.0,-0.0,66.0
2026-01-06,7.5,Transport,Bus fare,USD,Cash,0,1,6,1,1,2026,0,0,0,0,0,0.7818314824680298,0.6234898018587336,0.49999999999999994,0.8660254037844387,2.1400661634962708,-0.8131843002053349,38.035714285714285,38.60818905238579,8,2,0,1,0,0,0,0.0,1.0,0.0,0.0,0.0,0.0,0.0,0.0,0.0,0.0,0.0,0.0,0.0,0.0,0.0,0.0,0.0,0.0,0.0,0.0,0.0,0.0,0.0,0.0,0.0,0.0,0.0,0.0,0.0,0.0,0.0,0.0,0.0,0.0,6,0.0,0.0,0.0,0.0,0.0,1.0,0.0,0,1,1.0,0.0,0.0,7.5,-0.0,45.0
2026-01-06,55.0,Shopping,Household supplies,USD,Credit Card,0,1,6,1,1,2026,0,0,0,0,0,0.7818314824680298,0.6234898018587336,0.49999999999999994,0.8660254037844387,4.02535169073515,0.5097811741601666,39.464285714285715,39.09082068599688,18,2,0,1,0,0,0,0.0,0.0,0.0,0.0,0.0,0.0,0.0,0.0,0.0,0.0,0.0,0.0,0.0,0.0,0.0,0.0,0.0,0.0,0.0,0.0,0.0,0.0,0.0,0.0,0.0,0.0,0.0,0.0,0.0,0.0,0.0,0.0,0.0,0.0,5,0.0,0.0,0.0,0.0,1.0,0.0,0.0,0,2,0.0,1.0,0.0,55.0,0.0,275.0
2026-01-07,15.0,Food,Breakfast cafe,USD,Debit Card,0,2,7,1,1,2026,0,0,0,0,0,0.9749279121818236,-0.22252093395631434,0.49999999999999994,0.8660254037844387,2.772588722239781,-0.6042950147792031,37.535714285714285,40.04331731893303,14,2,0,1,0,0,0,0.0,0.0,0.0,0.0,0.0,0.0,0.0,0.0,0.0,0.0,0.0,0.0,0.0,0.0,0.0,0.0,0.0,0.0,0.0,0.0,0.0,0.0,0.0,0.0,0.0,0.0,0.0,0.0,0.0,0.0,0.0,0.0,0.0,0.0,3,0.0,0.0,1.0,0.0,0.0,0.0,0.0,0,3,0.0,0.0,1.0,15.0,-0.0,45.0
2026-01-07,90.0,Education,Online course subscription,USD,Credit Card,0,2,7,1,1,2026,0,0,0,0,0,0.9749279121818236,-0.22252093395631434,0.49999999999999994,0.8660254037844387,4.51085950651685,1.484597839482115,33.25,30.123011690953703,26,3,0,1,0,0,0,0.0,0.0,0.0,0.0,0.0,0.0,0.0,0.0,0.0,0.0,0.0,0.0,0.0,0.0,0.0,0.0,0.0,0.0,0.0,0.0,0.0,0.0,0.0,0.0,0.0,0.0,0.0,1.0,0.0,0.0,0.0,0.0,0.0,0.0,1,1.0,0.0,0.0,0.0,0.0,0.0,0.0,0,2,0.0,1.0,0.0,90.0,0.0,90.0
2026-01-08,18.5,Food,Groceries for weekend,USD,Debit Card,0,3,8,1,1,2026,0,0,0,0,0,0.43388373911755823,-0.900968867902419,0.49999999999999994,0.8660254037844387,2.970414465569701,-0.5068133482470083,33.285714285714285,29.16027140771204,21,3,0,1,0,0,0,0.0,0.0,0.0,0.0,0.0,0.0,0.0,0.0,0.0,0.5376949022713272,0.6494369747272293,0.0,0.0,0.0,0.0,0.0,0.0,0.0,0.0,0.0,0.0,0.0,0.0,0.0,0.0,0.0,0.0,0.0,0.0,0.0,0.0,0.0,0.0,0.5376949022713272,3,0.0,0.0,1.0,0.0,0.0,0.0,0.0,0,3,0.0,0.0,1.0,18.5,-0.0,55.5
2026-01-08,25.0,Entertainment,Streaming service monthly,USD,Bank Transfer,0,3,8,1,1,2026,0,0,0,0,0,0.43388373911755823,-0.900968867902419,0.49999999999999994,0.8660254037844387,3.258096538021482,-0.3257759675443607,35.642857142857146,28.423456108342226,25,3,0,1,0,0,0,0.0,0.0,0.0,0.0,0.0,0.0,0.0,0.0,0.0,0.0,0.0,0.0,0.0,0.0,0.0,1.0,0.0,0.0,0.0,0.0,0.0,0.0,0.0,0.0,0.0,0.0,0.0,0.0,0.0,0.0,0.0,0.0,0.0,0.0,2,0.0,1.0,0.0,0.0,0.0,0.0,0.0,0,0,0.0,0.0,0.0,25.0,-0.0,50.0
2026-01-09,12.0,Transport,Toll road fees,USD,Cash,0,4,9,1,1,2026,0,0,0,0,0,-0.433883739117558,-0.9009688679024191,0.49999999999999994,0.8660254037844387,2.5649493574615367,-0.6878507289496558,31.857142857142858,30.03708025884324,14,3,0,1,0,0,0,0.0,0.0,0.0,0.0,0.0,0.0,0.0,0.0,0.0,0.0,0.0,0.0,0.0,0.0,0.0,0.0,0.0,0.0,0.0,0.0,0.0,0.0,0.0,1.0,0.0,0.0,0.0,0.0,0.0,0.0,0.0,0.0,0.0,0.0,6,0.0,0.0,0.0,0.0,0.0,1.0,0.0,0,1,1.0,0.0,0.0,12.0,-0.0,72.0
2026-01-09,35.0,Health,Dentist visit copay,USD,Credit Card,0,4,9,1,1,2026,0,0,0,0,0,-0.433883739117558,-0.9009688679024191,0.49999999999999994,0.8660254037844387,3.58351893845611,-0.04725692030951828,35.785714285714285,28.05330809794266,19,3,0,1,0,0,0,0.0,0.0,0.0,0.5773502691896257,0.0,0.0,0.0,0.0,0.0,0.0,0.0,0.0,0.0,0.0,0.0,0.0,0.0,0.0,0.0,0.0,0.0,0.0,0.0,0.0,0.0,0.0,0.0,0.0,0.0,0.0,0.0,0.5773502691896257,0.5773502691896257,0.0,4,0.0,0.0,0.0,1.0,0.0,0.0,0.0,0,2,0.0,1.0,0.0,35.0,-0.0,140.0
2026-01-10,220.0,Travel,Weekend getaway hotel,USD,Credit Card,0,5,10,1,1,2026,1,0,0,0,0,-0.9749279121818236,-0.2225209339563146,0.49999999999999994,0.8660254037844387,5.3981627015177525,5.105345453535066,59.357142857142854,75.71696985359046,21,3,0,1,0,0,0,0.0,0.0,0.0,0.0,0.0,0.0,0.0,0.0,0.0,0.0,0.0,0.0,0.0,0.0,0.0,0.0,0.0,0.0,0.0,0.0,0.0,0.0,0.0,0.0,0.0,0.0,0.0,0.0,0.0,0.0,0.0,0.0,0.0,1.0,7,0.0,0.0,0.0,0.0,0.0,0.0,1.0,0,2,0.0,1.0,0.0,220.0,5.105345453535066,1540.0
2026-01-10,45.0,Food,Road trip snacks and meals,USD,Credit Card,0,5,10,1,1,2026,1,0,0,0,0,-0.9749279121818236,-0.2225209339563146,0.49999999999999994,0.8660254037844387,3.828641396489095,0.23126212692532414,63.642857142857146,73.60746921209508,26,5,0,1,0,0,0,0.0,0.0,0.0,0.0,0.0,0.0,0.0,0.0,0.0,0.0,0.0,0.0,0.0,0.0,0.5088365441997074,0.0,0.0,0.0,0.0,0.0,0.0,0.0,0.0,0.5088365441997074,0.5088365441997074,0.0,0.0,0.0,0.0,0.0,0.47249985593722454,0.0,0.0,0.0,3,0.0,0.0,1.0,0.0,0.0,0.0,0.0,0,2,0.0,1.0,0.0,45.0,0.23126212692532414,135.0
2026-01-11,18.0,Food,Lunch with colleagues,USD,Debit Card,0,6,11,1,1,2026,1,0,0,0,0,-0.7818314824680299,0.6234898018587334,0.49999999999999994,0.8660254037844387,2.9444389791664403,-0.5207393006087504,53.357142857142854,74.33747052334728,21,3,0,1,0,0,0,0.0,0.0,0.0,0.0,0.0,0.0,0.0,0.0,0.0,0.0,0.0,0.0,1.0,0.0,0.0,0.0,0.0,0.0,0.0,0.0,0.0,0.0,0.0,0.0,0.0,0.0,0.0,0.0,0.0,0.0,0.0,0.0,0.0,0.0,3,0.0,0.0,1.0,0.0,0.0,0.0,0.0,0,3,0.0,0.0,1.0,18.0,-0.5207393006087504,54.0
2026-01-11,12.5,Shopping,Phone case and charger,USD,Credit Card,0,6,11,1,1,2026,1,0,0,0,0,-0.7818314824680299,0.6234898018587334,0.49999999999999994,0.8660254037844387,2.6026896854443837,-0.6739247765879137,51.57142857142857,75.27639546554893,22,4,0,1,0,0,0,0.0,0.0,0.0,0.0,0.0,0.0,0.0,0.0,0.0,0.0,0.0,0.0,0.0,0.0,0.0,0.0,0.0,0.0,0.0,0.0,1.0,0.0,0.0,0.0,0.0,0.0,0.0,0.0,0.0,0.0,0.0,0.0,0.0,0.0,5,0.0,0.0,0.0,0.0,1.0,0.0,0.0,0,2,0.0,1.0,0.0,12.5,-0.6739247765879137,62.5
2026-01-12,85.0,Bills,Water and sewer bill,USD,Bank Transfer,0,0,12,1,1,2026,0,0,0,0,0,0.0,1.0,0.49999999999999994,0.8660254037844387,4.454347296253507,1.3453383158646939,61.07142857142857,74.60028405409984,20,4,0,1,0,0,0,0.0,0.0,0.0,0.0,0.0,0.0,0.0,0.0,0.0,0.0,0.0,0.0,0.0,0.0,0.0,0.0,0.0,0.0,0.0,0.0,0.0,0.0,0.0,0.0,0.0,0.0,0.0,0.0,0.0,0.0,0.0,0.0,0.0,0.0,0,0.0,0.0,0.0,0.0,0.0,0.0,0.0,0,0,0.0,0.0,0.0,85.0,0.0,0.0
2026-01-12,28.0,Entertainment,Concert tickets,USD,Credit Card,0,0,12,1,1,2026,0,0,0,0,0,0.0,1.0,0.49999999999999994,0.8660254037844387,3.367295829986474,-0.24222025337390796,63.357142857142854,73.07571090184156,15,2,0,1,0,0,0,0.0,0.0,0.0,0.0,0.0,0.0,0.0,0.0,0.0,0.0,0.0,0.0,0.0,0.0,0.0,0.0,0.0,0.0,0.0,0.0,0.0,0.0,0.0,0.0,0.0,0.0,0.0,0.0,0.0,1.0,0.0,0.0,0.0,0.0,2,0.0,1.0,0.0,0.0,0.0,0.0,0.0,0,2,0.0,1.0,0.0,28.0,-0.0,56.0
2026-01-13,12.75,Food,Morning coffee and bagel,USD,Cash,0,1,13,1,1,2026,0,0,0,0,0,0.7818314824680298,0.6234898018587336,0.49999999999999994,0.8660254037844387,2.6210388241125804,-0.6669618004070427,60.17857142857143,74.97398358287838,24,4,0,1,0,0,0,0.0,0.0,0.5253678442170019,0.0,0.0,0.0,0.0,0.0,0.0,0.0,0.0,0.0,0.0,0.0,0.0,0.0,0.601659633124402,0.601659633124402,0.0,0.0,0.0,0.0,0.0,0.0,0.0,0.0,0.0,0.0,0.0,0.0,0.0,0.0,0.0,0.0,3,0.0,0.0,1.0,0.0,0.0,0.0,0.0,0,1,1.0,0.0,0.0,12.75,-0.0,38.25
2026-01-13,32.5,Transport,Uber ride to airport,USD,Credit Card,0,1,13,1,1,2026,0,0,0,0,0,0.7818314824680298,0.6234898018587336,0.49999999999999994,0.8660254037844387,3.5115454388310208,-0.11688668211822888,33.392857142857146,25.584768068967474,20,4,0,1,0,0,0,0.7071067811865475,0.0,0.0,0.0,0.0,0.0,0.0,0.0,0.0,0.0,0.0,0.0,0.0,0.0,0.0,0.0,0.0,0.0,0.0,0.0,0.0,0.0,0.7071067811865475,0.0,0.0,0.0,0.0,0.0,0.0,0.0,0.0,0.0,0.0,0.0,6,0.0,0.0,0.0,0.0,0.0,1.0,0.0,0,2,0.0,1.0,0.0,32.5,-0.0,195.0
2026-01-14,75.0,Shopping,Weekend shopping trip,USD,Credit Card,0,2,14,1,1,2026,0,0,0,0,0,0.9749279121818236,-0.22252093395631434,0.49999999999999994,0.8660254037844387,4.330733340286331,1.0668192686298514,37.67857142857143,29.98705077672219,21,3,0,1,0,0,0,0.0,0.0,0.0,0.0,0.0,0.0,0.0,0.0,0.0,0.0,0.0,0.0,0.0,0.0,0.0,0.0,0.0,0.0,0.0,0.0,0.0,0.0,0.0,0.0,0.0,0.0,0.0,0.0,0.0,0.0,0.746399492347106,0.0,0.0,0.6654981576413133,5,0.0,0.0,0.0,0.0,1.0,0.0,0.0,0,2,0.0,1.0,0.0,75.0,0.0,375.0
2026-01-14,22.0,Food,Dinner at local bistro,USD,Debit Card,0,2,14,1,1,2026,0,0,0,0,0,0.9749279121818236,-0.22252093395631434,0.49999999999999994,0.8660254037844387,3.1354942159291497,-0.40933168171481343,38.25,29.58497648018896,22,4,0,1,0,0,0,0.0,0.0,0.0,0.0,1.0,0.0,0.0,0.0,0.0,0.0,0.0,0.0,0.0,0.0,0.0,0.0,0.0,0.0,0.0,0.0,0.0,0.0,0.0,0.0,0.0,0.0,0.0,0.0,0.0,0.0,0.0,0.0,0.0,0.0,3,0.0,0.0,1.0,0.0,0.0,0.0,0.0,0,3,0.0,0.0,1.0,22.0,-0.0,66.0
2026-01-15,15.0,Transport,Parking garage fee,USD,Cash,0,3,15,1,1,2026,0,0,0,0,0,0.43388373911755823,-0.900968867902419,0.49999999999999994,0.8660254037844387,2.772588722239781,-0.6042950147792031,38.607142857142854,29.235344313738768,18,3,0,1,0,0,0,0.0,0.0,0.0,0.0,0.0,0.0,0.7071067811865475,0.0,0.0,0.0,0.0,0.0,0.0,0.0,0.0,0.0,0.0,0.0,0.0,0.7071067811865475,0.0,0.0,0.0,0.0,0.0,0.0,0.0,0.0,0.0,0.0,0.0,0.0,0.0,0.0,6,0.0,0.0,0.0,0.0,0.0,1.0,0.0,0,1,1.0,0.0,0.0,15.0,-0.0,90.0
2026-01-15,18.5,Health,Vitamins and supplements,USD,Credit Card,0,3,15,1,1,2026,0,0,0,0,0,0.43388373911755823,-0.900968867902419,0.49999999999999994,0.8660254037844387,2.970414465569701,-0.5068133482470083,29.107142857142858,21.402811898039406,24,3,0,1,0,0,0,0.0,0.0,0.0,0.0,0.0,0.0,0.0,0.0,0.0,0.0,0.0,0.0,0.0,0.0,0.0,0.0,0.0,0.0,0.0,0.0,0.0,0.0,0.0,0.0,0.0,0.0,0.0,0.0,1.0,0.0,0.0,0.0,0.0,0.0,4,0.0,0.0,0.0,1.0,0.0,0.0,0.0,0,2,0.0,1.0,0.0,18.5,-0.0,74.0
2026-01-16,40.0,Education,Textbook purchase,USD,Credit Card,0,4,16,1,1,2026,0,0,0,0,0,-0.433883739117558,-0.9009688679024191,0.49999999999999994,0.8660254037844387,3.713572066704308,0.09200260330790293,32.57142857142857,20.53945100578513,17,2,0,1,0,0,0,0.0,0.0,0.0,0.0,0.0,0.0,0.0,0.0,0.0,0.0,0.0,0.0,0.0,0.0,0.0,0.0,0.0,0.0,0.0,0.0,0.0,0.0,0.0,0.0,0.0,0.0,0.0,0.0,0.0,0.0,0.0,0.0,0.0,0.0,1,1.0,0.0,0.0,0.0,0.0,0.0,0.0,0,2,0.0,1.0,0.0,40.0,0.0,40.0
2026-01-16,25.0,Food,Groceries for the week,USD,Debit Card,0,4,16,1,1,2026,0,0,0,0,0,-0.433883739117558,-0.9009688679024191,0.49999999999999994,0.8660254037844387,3.258096538021482,-0.3257759675443607,28.678571428571427,21.45863961871102,22,4,0,1,0,0,0,0.0,0.0,0.0,0.0,0.0,0.0,0.0,0.0,0.0,1.0,0.0,0.0,0.0,0.0,0.0,0.0,0.0,0.0,0.0,0.0,0.0,0.0,0.0,0.0,0.0,0.0,0.0,0.0,0.0,0.0,0.0,0.0,0.0,0.0,3,0.0,0.0,1.0,0.0,0.0,0.0,0.0,0,3,0.0,0.0,1.0,25.0,-0.0,75.0
2026-01-17,12.0,Entertainment,Movie rental,USD,Debit Card,0,5,17,1,1,2026,1,0,0,0,0,-0.9749279121818236,-0.2225209339563146,0.49999999999999994,0.8660254037844387,2.5649493574615367,-0.6878507289496558,29.642857142857142,21.96344365400966,12,2,0,1,0,0,0,0.0,0.0,0.0,0.0,0.0,0.0,0.0,0.0,0.0,0.0,0.0,0.0,0.0,0.0,0.0,0.0,0.0,0.0,1.0,0.0,0.0,0.0,0.0,0.0,0.0,0.0,0.0,0.0,0.0,0.0,0.0,0.0,0.0,0.0,2,0.0,1.0,0.0,0.0,0.0,0.0,0.0,0,3,0.0,0.0,1.0,12.0,-0.6878507289496558,24.0
2026-01-17,35.0,Food,Family dinner at restaurant,USD,Credit Card,0,5,17,1,1,2026,1,0,0,0,0,-0.9749279121818236,-0.2225209339563146,0.49999999999999994,0.8660254037844387,3.58351893845611,-0.04725692030951828,23.928571428571427,10.305453942082353,27,4,0,1,0,0,0,0.0,0.0,0.0,0.0,0.6577353946962805,0.0,0.0,0.0,0.0,0.0,0.0,0.0,0.0,0.0,0.0,0.0,0.0,0.0,0.0,0.0,0.0,0.7532490627698969,0.0,0.0,0.0,0.0,0.0,0.0,0.0,0.0,0.0,0.0,0.0,0.0,3,0.0,0.0,1.0,0.0,0.0,0.0,0.0,0,2,0.0,1.0,0.0,35.0,-0.04725692030951828,105.0
2026-01-18,95.0,Bills,Internet and cable bill,USD,Bank Transfer,0,6,18,1,1,2026,1,0,0,0,0,-0.7818314824680299,0.6234898018587334,0.49999999999999994,0.8660254037844387,4.564348191467836,1.6238573630995363,34.357142857142854,28.64541017003464,23,4,0,1,0,0,0,0.0,0.0,0.0,0.0,0.0,0.0,0.0,0.0,0.0,0.0,0.0,0.0,0.0,0.0,0.0,0.0,0.0,0.0,0.0,0.0,0.0,0.0,0.0,0.0,0.0,0.0,0.0,0.0,0.0,0.0,0.0,0.0,0.0,0.0,0,0.0,0.0,0.0,0.0,0.0,0.0,0.0,0,0,0.0,0.0,0.0,95.0,1.6238573630995363,0.0
2026-01-18,18.75,Food,Lunch special,USD,Cash,0,6,18,1,1,2026,1,0,0,0,0,-0.7818314824680299,0.6234898018587334,0.49999999999999994,0.8660254037844387,2.9831534913471307,-0.4998503720661372,34.892857142857146,28.255477766435376,13,2,0,1,0,0,0,0.0,0.0,0.0,0.0,0.0,0.0,0.0,0.0,0.0,0.0,0.0,0.0,0.4991779343719709,0.6127076749299507,0.0,0.0,0.0,0.0,0.0,0.0,0.0,0.0,0.0,0.0,0.0,0.6127076749299507,0.0,0.0,0.0,0.0,0.0,0.0,0.0,0.0,3,0.0,0.0,1.0,0.0,0.0,0.0,0.0,0,1,1.0,0.0,0.0,18.75,-0.4998503720661372,56.25
2026-01-19,28.0,Transport,Taxi ride home,USD,Credit Card,0,0,19,1,1,2026,0,0,0,0,0,0.0,1.0,0.49999999999999994,0.8660254037844387,3.367295829986474,-0.24222025337390796,36.25,27.556381596041724,14,3,0,1,0,0,0,0.0,0.0,0.0,0.0,0.0,0.0,0.0,0.0,0.0,0.0,0.0,0.7071067811865475,0.0,0.0,0.0,0.0,0.0,0.0,0.0,0.0,0.0,0.0,0.7071067811865475,0.0,0.0,0.0,0.0,0.0,0.0,0.0,0.0,0.0,0.0,0.0,6,0.0,0.0,0.0,0.0,0.0,1.0,0.0,0,2,0.0,1.0,0.0,28.0,-0.0,168.0
2026-01-19,15.0,Shopping,Grocery store essentials,USD,Debit Card,0,0,19,1,1,2026,0,0,0,0,0,0.0,1.0,0.49999999999999994,0.8660254037844387,2.772588722239781,-0.6042950147792031,34.82142857142857,28.480517568197058,24,3,0,1,0,0,0,0.0,0.0,0.0,0.0,0.0,1.0,0.0,0.0,0.0,0.0,0.0,0.0,0.0,0.0,0.0,0.0,0.0,0.0,0.0,0.0,0.0,0.0,0.0,0.0,0.0,0.0,0.0,0.0,0.0,0.0,0.0,0.0,0.0,0.0,5,0.0,0.0,0.0,0.0,1.0,0.0,0.0,0,3,0.0,0.0,1.0,15.0,-0.0,75.0
2026-01-20,42.0,Health,Doctor visit copay,USD,Credit Card,0,1,20,1,1,2026,0,0,0,0,0,0.7818314824680298,0.6234898018587336,0.49999999999999994,0.8660254037844387,3.7612001156935624,0.14770641275487142,35.107142857142854,28.551071616949702,18,3,0,1,0,0,0,0.0,0.0,0.0,0.5773502691896257,0.0,0.0,0.0,0.0,0.0,0.0,0.0,0.0,0.0,0.0,0.0,0.0,0.0,0.0,0.0,0.0,0.0,0.0,0.0,0.0,0.0,0.0,0.0,0.0,0.0,0.0,0.0,0.5773502691896257,0.5773502691896257,0.0,4,0.0,0.0,0.0,1.0,0.0,0.0,0.0,0,2,0.0,1.0,0.0,42.0,0.0,168.0
2026-01-20,28.5,Food,Thursday lunch special,USD,Debit Card,0,1,20,1,1,2026,0,0,0,0,0,0.7818314824680298,0.6234898018587336,0.49999999999999994,0.8660254037844387,3.3843902633457743,-0.22829430101216586,37.464285714285715,26.96233042421894,22,3,0,1,0,0,0,0.0,0.0,0.0,0.0,0.0,0.0,0.0,0.0,0.0,0.0,0.0,0.0,0.4991779343719709,0.6127076749299507,0.0,0.0,0.0,0.0,0.0,0.0,0.0,0.0,0.0,0.0,0.0,0.6127076749299507,0.0,0.0,0.0,0.0,0.0,0.0,0.0,0.0,3,0.0,0.0,1.0,0.0,0.0,0.0,0.0,0,3,0.0,0.0,1.0,28.5,-0.0,85.5
2026-01-21,12.0,Transport,Bus pass weekly,USD,Bank Transfer,0,2,21,1,1,2026,0,0,0,0,0,0.9749279121818236,-0.22252093395631434,0.49999999999999994,0.8660254037844387,2.5649493574615367,-0.6878507289496558,34.17857142857143,28.66062713234042,15,3,0,1,0,0,0,0.0,1.0,0.0,0.0,0.0,0.0,0.0,0.0,0.0,0.0,0.0,0.0,0.0,0.0,0.0,0.0,0.0,0.0,0.0,0.0,0.0,0.0,0.0,0.0,0.0,0.0,0.0,0.0,0.0,0.0,0.0,0.0,0.0,0.0,6,0.0,0.0,0.0,0.0,0.0,1.0,0.0,0,0,0.0,0.0,0.0,12.0,-0.0,72.0
2026-01-21,55.0,Shopping,Home decor items,USD,Credit Card,0,2,21,1,1,2026,0,0,0,0,0,0.9749279121818236,-0.22252093395631434,0.49999999999999994,0.8660254037844387,4.02535169073515,0.5097811741601666,28.464285714285715,15.461261114090767,16,3,0,1,0,0,0,0.0,0.0,0.0,0.0,0.0,0.0,0.0,0.0,0.0,0.0,0.0,1.0,0.0,0.0,0.0,0.0,0.0,0.0,0.0,0.0,0.0,0.0,0.0,0.0,0.0,0.0,0.0,0.0,0.0,0.0,0.0,0.0,0.0,0.0,5,0.0,0.0,0.0,0.0,1.0,0.0,0.0,0,2,0.0,1.0,0.0,55.0,0.0,275.0
2026-01-22,18.0,Food,Lunch with client,USD,Credit Card,0,3,22,1,1,2026,0,0,0,0,0,0.43388373911755823,-0.900968867902419,0.49999999999999994,0.8660254037844387,2.9444389791664403,-0.5207393006087504,28.357142857142858,15.54218529710426,17,3,0,1,0,0,0,0.0,0.0,0.0,0.0,0.0,0.0,0.0,0.0,0.0,0.0,0.0,0.0,1.0,0.0,0.0,0.0,0.0,0.0,0.0,0.0,0.0,0.0,0.0,0.0,0.0,0.0,0.0,0.0,0.0,0.0,0.0,0.0,0.0,0.0,3,0.0,0.0,1.0,0.0,0.0,0.0,0.0,0,2,0.0,1.0,0.0,18.0,-0.0,54.0
2026-01-22,12.5,Shopping,Coffee maker replacement,USD,Debit Card,0,3,22,1,1,2026,0,0,0,0,0,0.43388373911755823,-0.900968867902419,0.49999999999999994,0.8660254037844387,2.6026896854443837,-0.6739247765879137,26.142857142857142,16.66511897575863,24,3,0,1,0,0,0,0.0,0.0,1.0,0.0,0.0,0.0,0.0,0.0,0.0,0.0,0.0,0.0,0.0,0.0,0.0,0.0,0.0,0.0,0.0,0.0,0.0,0.0,0.0,0.0,0.0,0.0,0.0,0.0,0.0,0.0,0.0,0.0,0.0,0.0,5,0.0,0.0,0.0,0.0,1.0,0.0,0.0,0,3,0.0,0.0,1.0,12.5,-0.0,62.5
2026-01-23,25.0,Entertainment,Comedy show tickets,USD,Credit Card,0,4,23,1,1,2026,0,0,0,0,0,-0.433883739117558,-0.9009688679024191,0.49999999999999994,0.8660254037844387,3.258096538021482,-0.3257759675443607,31.571428571428573,22.39499306286373,19,3,0,1,0,0,0,0.0,0.0,0.0,0.0,0.0,0.0,0.0,0.0,0.0,0.0,0.0,0.0,0.0,0.0,0.0,0.0,0.0,0.0,0.0,0.0,0.0,0.0,0.0,0.0,0.0,0.0,0.0,0.0,0.0,1.0,0.0,0.0,0.0,0.0,2,0.0,1.0,0.0,0.0,0.0,0.0,0.0,0,2,0.0,1.0,0.0,25.0,-0.0,50.0
2026-01-23,70.0,Bills,Rent payment,USD,Bank Transfer,0,4,23,1,1,2026,0,0,0,0,0,-0.433883739117558,-0.9009688679024191,0.49999999999999994,0.8660254037844387,4.2626798770413155,0.9275597450124302,34.0,22.485180304665864,12,2,0,1,0,0,0,0.0,0.0,0.0,0.0,0.0,0.0,0.0,0.0,0.0,0.0,0.0,0.0,0.0,0.0,0.0,0.0,0.0,0.0,0.0,0.0,0.0,0.0,0.0,0.0,0.0,0.0,0.0,0.0,0.0,0.0,0.0,0.0,0.0,0.0,0,0.0,0.0,0.0,0.0,0.0,0.0,0.0,0,0,0.0,0.0,0.0,70.0,0.0,0.0
2026-01-24,33.0,Transport,Gas station fill-up,USD,Credit Card,0,5,24,1,1,2026,1,0,0,0,0,-0.9749279121818236,-0.2225209339563146,0.49999999999999994,0.8660254037844387,3.5263605246161616,-0.10296072975648676,32.0,22.58871399615304,19,3,0,1,0,0,0,0.0,0.0,0.0,0.0,0.0,0.0,0.0,0.5773502691896257,0.5773502691896257,0.0,0.0,0.0,0.0,0.0,0.0,0.0,0.0,0.0,0.0,0.0,0.0,0.0,0.0,0.0,0.0,0.0,0.5773502691896257,0.0,0.0,0.0,0.0,0.0,0.0,0.0,6,0.0,0.0,0.0,0.0,0.0,1.0,0.0,0,2,0.0,1.0,0.0,33.0,-0.10296072975648676,198.0
2026-01-24,10.5,Food,Morning coffee and muffin,USD,Cash,0,5,24,1,1,2026,1,0,0,0,0,-0.9749279121818236,-0.2225209339563146,0.49999999999999994,0.8660254037844387,2.4423470353692043,-0.7296285860348822,29.0,23.79600806858159,25,4,0,1,0,0,0,0.0,0.0,0.5253678442170019,0.0,0.0,0.0,0.0,0.0,0.0,0.0,0.0,0.0,0.0,0.0,0.0,0.0,0.601659633124402,0.601659633124402,0.0,0.0,0.0,0.0,0.0,0.0,0.0,0.0,0.0,0.0,0.0,0.0,0.0,0.0,0.0,0.0,3,0.0,0.0,1.0,0.0,0.0,0.0,0.0,0,1,1.0,0.0,0.0,10.5,-0.7296285860348822,31.5
2026-01-25,28.0,Food,Groceries for weekend,USD,Debit Card,0,6,25,1,1,2026,1,0,0,0,0,-0.7818314824680299,0.6234898018587334,0.49999999999999994,0.8660254037844387,3.367295829986474,-0.24222025337390796,28.142857142857142,20.18397525619909,21,3,0,1,0,0,0,0.0,0.0,0.0,0.0,0.0,0.0,0.0,0.0,0.0,0.5376949022713272,0.6494369747272293,0.0,0.0,0.0,0.0,0.0,0.0,0.0,0.0,0.0,0.0,0.0,0.0,0.0,0.0,0.0,0.0,0.0,0.0,0.0,0.0,0.0,0.0,0.5376949022713272,3,0.0,0.0,1.0,0.0,0.0,0.0,0.0,0,3,0.0,0.0,1.0,28.0,-0.24222025337390796,84.0
2026-01-25,45.0,Shopping,Weekend outfit,USD,Credit Card,0,6,25,1,1,2026,1,0,0,0,0,-0.7818314824680299,0.6234898018587334,0.49999999999999994,0.8660254037844387,3.828641396489095,0.23126212692532414,32.0,20.500000000000007,14,2,0,1,0,0,0,0.0,0.0,0.0,0.0,0.0,0.0,0.0,0.0,0.0,0.0,0.0,0.0,0.0,0.0,0.0,0.0,0.0,0.0,0.0,0.0,0.0,0.0,0.0,0.0,0.0,0.0,0.0,0.0,0.0,0.0,0.0,0.0,0.0,1.0,5,0.0,0.0,0.0,0.0,1.0,0.0,0.0,0,2,0.0,1.0,0.0,45.0,0.23126212692532414,225.0
2026-01-26,15.0,Food,Lunch at work cafeteria,USD,Debit Card,0,0,26,1,1,2026,0,0,0,0,0,0.0,1.0,0.49999999999999994,0.8660254037844387,2.772588722239781,-0.6042950147792031,32.357142857142854,20.121949635730065,23,4,0,1,0,0,0,0.0,0.0,0.0,0.0,0.0,0.0,0.0,0.0,0.0,0.0,0.0,0.0,1.0,0.0,0.0,0.0,0.0,0.0,0.0,0.0,0.0,0.0,0.0,0.0,0.0,0.0,0.0,0.0,0.0,0.0,0.0,0.0,0.0,0.0,3,0.0,0.0,1.0,0.0,0.0,0.0,0.0,0,3,0.0,0.0,1.0,15.0,-0.0,45.0
2026-01-26,20.0,Health,Athletic supplements,USD,Credit Card,0,0,26,1,1,2026,0,0,0,0,0,0.0,1.0,0.49999999999999994,0.8660254037844387,3.044522437723423,-0.4650354911617819,25.214285714285715,11.60408384598981,20,2,0,1,0,0,0,0.0,0.0,0.0,0.0,0.0,0.0,0.0,0.0,0.0,0.0,0.0,0.0,0.0,0.0,0.0,0.0,0.0,0.0,0.0,0.0,0.0,0.0,0.0,0.0,0.0,0.0,0.0,0.0,1.0,0.0,0.0,0.0,0.0,0.0,4,0.0,0.0,0.0,1.0,0.0,0.0,0.0,0,2,0.0,1.0,0.0,20.0,-0.0,80.0
2026-01-27,18.5,Transport,Parking and tolls,USD,Cash,0,1,27,1,1,2026,0,0,0,0,0,0.7818314824680298,0.6234898018587336,0.49999999999999994,0.8660254037844387,2.970414465569701,-0.5068133482470083,24.285714285714285,11.880856951615973,17,3,0,1,0,0,0,0.0,0.0,0.0,0.0,0.0,0.0,0.0,0.0,0.0,0.0,0.0,0.0,0.0,0.0,0.0,0.0,0.0,0.0,0.0,1.0,0.0,0.0,0.0,0.0,0.0,0.0,0.0,0.0,0.0,0.0,0.0,0.0,0.0,0.0,6,0.0,0.0,0.0,0.0,0.0,1.0,0.0,0,1,1.0,0.0,0.0,18.5,-0.0,111.0
2026-01-27,35.0,Food,Dinner with friends,USD,Credit Card,0,1,27,1,1,2026,0,0,0,0,0,0.7818314824680298,0.6234898018587336,0.49999999999999994,0.8660254037844387,3.58351893845611,-0.04725692030951828,27.785714285714285,10.692119928780658,19,3,0,1,0,0,0,0.0,0.0,0.0,0.0,1.0,0.0,0.0,0.0,0.0,0.0,0.0,0.0,0.0,0.0,0.0,0.0,0.0,0.0,0.0,0.0,0.0,0.0,0.0,0.0,0.0,0.0,0.0,0.0,0.0,0.0,0.0,0.0,0.0,0.0,3,0.0,0.0,1.0,0.0,0.0,0.0,0.0,0,2,0.0,1.0,0.0,35.0,-0.0,105.0
2026-01-28,120.0,Travel,Business trip flight,USD,Credit Card,0,2,28,1,1,2026,0,0,0,0,0,0.9749279121818236,-0.22252093395631434,0.49999999999999994,0.8660254037844387,4.795790545596741,2.320154981186642,40.214285714285715,36.69906577246115,20,3,0,1,0,0,0,0.0,0.0,0.0,0.0,0.0,0.0,0.0,0.0,0.0,0.0,0.0,0.0,0.0,0.0,0.0,0.0,0.0,0.0,0.0,0.0,0.0,0.0,0.0,0.0,0.0,0.0,0.0,0.0,0.0,0.0,1.0,0.0,0.0,0.0,7,0.0,0.0,0.0,0.0,0.0,0.0,1.0,0,2,0.0,1.0,0.0,120.0,0.0,840.0
2026-01-28,22.0,Food,Airport meals and snacks,USD,Debit Card,0,2,28,1,1,2026,0,0,0,0,0,0.9749279121818236,-0.22252093395631434,0.49999999999999994,0.8660254037844387,3.1354942159291497,-0.40933168171481343,39.357142857142854,37.099768963470076,24,4,0,1,0,0,0,0.5773502691896257,0.0,0.0,0.0,0.0,0.0,0.0,0.0,0.0,0.0,0.0,0.0,0.0,0.0,0.5773502691896257,0.0,0.0,0.0,0.0,0.0,0.0,0.0,0.0,0.0,0.5773502691896257,0.0,0.0,0.0,0.0,0.0,0.0,0.0,0.0,0.0,3,0.0,0.0,1.0,0.0,0.0,0.0,0.0,0,3,0.0,0.0,1.0,22.0,-0.0,66.0
2026-01-29,8.5,Shopping,Travel essentials,USD,Debit Card,0,3,29,1,1,2026,0,0,0,0,0,0.43388373911755823,-0.900968867902419,0.49999999999999994,0.8660254037844387,2.2512917986064953,-0.7853323954818507,34.142857142857146,38.704773914977515,17,2,0,1,0,0,0,0.0,0.0,0.0,0.0,0.0,1.0,0.0,0.0,0.0,0.0,0.0,0.0,0.0,0.0,0.0,0.0,0.0,0.0,0.0,0.0,0.0,0.0,0.0,0.0,0.0,0.0,0.0,0.0,0.0,0.0,0.0,0.0,0.0,0.0,5,0.0,0.0,0.0,0.0,1.0,0.0,0.0,0,3,0.0,0.0,1.0,8.5,-0.0,42.5
2026-01-29,40.0,Education,Workshop registration fee,USD,Credit Card,0,3,29,1,1,2026,0,0,0,0,0,0.43388373911755823,-0.900968867902419,0.49999999999999994,0.8660254037844387,3.713572066704308,0.09200260330790293,37.714285714285715,37.78652443095857,25,3,0,1,0,0,0,0.0,0.0,0.0,0.0,0.0,0.0,1.0,0.0,0.0,0.0,0.0,0.0,0.0,0.0,0.0,0.0,0.0,0.0,0.0,0.0,0.0,0.0,0.0,0.0,0.0,0.0,0.0,0.0,0.0,0.0,0.0,0.0,0.0,0.0,1,1.0,0.0,0.0,0.0,0.0,0.0,0.0,0,2,0.0,1.0,0.0,40.0,0.0,40.0
2026-01-30,18.0,Food,Lunch with team,USD,Debit Card,0,4,30,1,1,2026,0,0,0,0,0,-0.433883739117558,-0.9009688679024191,0.49999999999999994,0.8660254037844387,2.9444389791664403,-0.5207393006087504,37.42857142857143,37.94999843152014,15,3,0,1,0,0,0,0.0,0.0,0.0,0.0,0.0,0.0,0.0,0.0,0.0,0.0,0.0,0.0,1.0,0.0,0.0,0.0,0.0,0.0,0.0,0.0,0.0,0.0,0.0,0.0,0.0,0.0,0.0,0.0,0.0,0.0,0.0,0.0,0.0,0.0,3,0.0,0.0,1.0,0.0,0.0,0.0,0.0,0,3,0.0,0.0,1.0,18.0,-0.0,54.0
2026-01-30,15.5,Shopping,Phone accessories,USD,Credit Card,0,4,30,1,1,2026,0,0,0,0,0,-0.433883739117558,-0.9009688679024191,0.49999999999999994,0.8660254037844387,2.803360380906535,-0.590369062417461,37.0,38.215398292660346,17,2,0,1,0,0,0,0.0,0.0,0.0,0.0,0.0,0.0,0.0,0.0,0.0,0.0,0.0,0.0,0.0,0.0,0.0,0.0,0.0,0.0,0.0,0.0,1.0,0.0,0.0,0.0,0.0,0.0,0.0,0.0,0.0,0.0,0.0,0.0,0.0,0.0,5,0.0,0.0,0.0,0.0,1.0,0.0,0.0,0,2,0.0,1.0,0.0,15.5,-0.0,77.5
2026-01-31,95.0,Bills,Monthly subscription services,USD,Bank Transfer,0,5,31,1,1,2026,1,0,1,0,0,-0.9749279121818236,-0.2225209339563146,0.49999999999999994,0.8660254037844387,4.564348191467836,1.6238573630995363,45.57142857142857,43.98525185732579,29,3,0,1,0,0,0,0.0,0.0,0.0,0.0,0.0,0.0,0.0,0.0,0.0,0.0,0.0,0.0,0.0,0.0,0.0,0.7071067811865475,0.0,0.0,0.0,0.0,0.0,0.0,0.0,0.0,0.0,0.0,0.0,0.7071067811865475,0.0,0.0,0.0,0.0,0.0,0.0,0,0.0,0.0,0.0,0.0,0.0,0.0,0.0,0,0,0.0,0.0,0.0,95.0,1.6238573630995363,0.0
2026-01-31,28.5,Food,Groceries for month end,USD,Debit Card,0,5,31,1,1,2026,1,0,1,0,0,-0.9749279121818236,-0.2225209339563146,0.49999999999999994,0.8660254037844387,3.3843902633457743,-0.22829430101216586,32.5,29.337120967584173,23,4,0,1,0,0,0,0.0,0.0,0.0,0.0,0.0,0.0,0.0,0.0,0.0,1.0,0.0,0.0,0.0,0.0,0.0,0.0,0.0,0.0,0.0,0.0,0.0,0.0,0.0,0.0,0.0,0.0,0.0,0.0,0.0,0.0,0.0,0.0,0.0,0.0,3,0.0,0.0,1.0,0.0,0.0,0.0,0.0,0,3,0.0,0.0,1.0,28.5,-0.22829430101216586,85.5
