id,date,amount,currency,category,note
import_1790689717526_1_m3ugsypech,2026-09-01,450,INR,Food,
import_1790689717526_2_fgfmiztniz,2026-09-02,120,INR,Transport,
import_1790689717526_3_cjva24eby3e,2026-09-03,85,INR,Food,
import_1790689717526_4_1og0hox8yqn,2026-09-04,1250,INR,Shopping,
import_1790689717526_5_y5cpmi623dg,2026-09-05,600,INR,Bills,
import_1790689717526_6_c816xj635u6,2026-09-06,500,INR,Food,
import_1790689717526_7_5r4mjwqdaeh,2026-09-06,200,INR,Food,
import_1790689717526_8_fniq65aolnw,2026-09-07,300,INR,Food,
import_1790689717526_9_7lh3nrc5b19,2026-09-08,750,INR,Education,
import_1790689717526_10_1wjdvripseg,2026-09-09,180,INR,Transport,
import_1790689717526_11_ehqy4syw6zl,2026-09-10,800,INR,Food,
import_1790689717526_12_vafasux85uc,2026-09-11,250,INR,Entertainment,
import_1790689717526_13_z8pzbk4pxw,2026-09-12,150,INR,Food,
import_1790689717526_14_r5p9rb0yw2,2026-09-13,2200,INR,Shopping,
import_1790689717526_15_t6cqe5thboi,2026-09-14,400,INR,Health,
import_1790689717526_16_6w8i4y4m2ie,2026-09-15,1000,INR,Bills,
import_1790689717526_17_y5bnj75gqmq,2026-09-16,350,INR,Transport,
import_1790689717526_18_bqhn063d8u,2026-09-17,550,INR,Food,
import_1790689717526_19_8ucfpq18hp,2026-09-18,300,INR,Entertainment,
import_1790689717526_20_815vx3h0bvf,2026-09-19,900,INR,Education,
import_1790689717526_21_4lbdcbr1yns,2026-09-20,275,INR,Food,
import_1790689717526_22_pf7zbaozqs,2026-09-21,500,INR,Transport,
import_1790689717526_23_263aqdv3rom,2026-09-22,650,INR,Shopping,
import_1790689717526_24_xcvxjul0ath,2026-09-23,125,INR,Food,
import_1790689717526_25_bixj3mu3zpp,2026-09-24,700,INR,Bills,
import_1790689717526_26_zmp9ewsno7,2026-09-25,450,INR,Food,
import_1790689717526_27_ubydsme1ihh,2026-09-26,300,INR,Health,
import_1790689717526_28_m7xg4pq2j4,2026-09-27,1100,INR,Shopping,
import_1790689717526_29_1zowawpbq96,2026-09-28,200,INR,Transport,
import_1790689717526_30_7iu8te8z7al,2026-09-29,600,INR,Food,
import_1790689717526_31_9gvzabx3ll4,2026-09-30,350,INR,Entertainment,
import_1790689717526_32_z6en6whb13m,2026-08-15,500,INR,Food,
import_1790689717526_34_zr52xl8tp2,2026-08-22,800,INR,Bills,
import_1790689717526_35_kdfwmcn9flh,2026-07-10,950,INR,Education,
import_1790689717526_36_zdfzazwigi,2026-07-20,300,INR,Transport,
